model_summary,referenece_summary,dataset,reward
"The document outlines the challenges and policies related to the health protection and surveillance of federal civilian personnel deployed to Afghanistan and Iraq. These personnel, including those from the Total Force concept—comprising active duty military, reservists, defense contractors, host nation personnel, and DOD federal civilians—are deployed in operations such as Joint Endeavor, Joint Guardian, and Desert Storm, and have since participated in combat support functions in Enduring Freedom and Iraqi Freedom. DOD relies on these personnel for critical missions such as intelligence collection, criminal investigations, and weapon systems maintenance.

Federal civilian personnel are designated under the emergency-essential program, which identifies those whose roles are essential for combat operations or critical systems. DOD can deploy these personnel voluntarily or involuntarily. However, the department lacks clear procedures to ensure full compliance with force health protection and surveillance policies, and records show that some components failed to meet policy requirements for deployed personnel in Afghanistan and Iraq.

The document highlights that DOD did not require centralized collection of data on the identity, movements, and health status of deployed civilians, which limited its ability to assess the effectiveness of its health protection and surveillance capabilities. In August 2006, DOD issued a revised policy to address this gap, but the procedures were insufficient to ensure compliance. Components reviewed lacked documentation showing consistent implementation of pre-deployment health assessments, immunizations, tuberculosis and HIV screenings, and post-deployment health assessments.

The policies mandate that deploying civilian personnel complete pre-deployment health assessments within 30 days of deployment, with healthcare providers reviewing these assessments to confirm readiness and identify additional evaluations. However, the reviewed components did not provide sufficient evidence of consistent compliance with these requirements.

A review of deployment records found that, out of 3,771 records, only 52 were complete, with documentation missing for 19 (Navy) and 29 (Air Force) records. In contrast, all three Army locations had complete records, indicating that most deployed civilians received pre-deployment health assessments. DOD policies require theater-specific immunizations for all deployed civilian personnel, including hepatitis A, tetanus-diphtheria, smallpox, typhoid, and influenza. However, documentation of these assessments varied significantly by location, ranging from less than 1% to over 90%.

The document also notes gaps in documentation for immunizations and health assessments, with no evidence of required screenings being documented. While the revised policy in August 2006 aimed to address data collection limitations, the lack of centralized","As the Department of Defense (DOD) has expanded its involvement in overseas military operations, it has grown increasingly reliant on its federal civilian workforce to support contingency operations. The Senate Armed Services Committee required GAO to examine DOD's policies concerning the health care for DOD civilians who deploy in support of contingency operations in Afghanistan and Iraq. GAO analyzed over 3,400 deployment-related records for deployed federal civilians and interviewed department officials to determine the extent to which DOD has established and the military services and defense agencies (hereafter referred to as DOD components) have implemented (1) force health protection and surveillance policies and (2) medical treatment policies and procedures for its deployed federal civilians. GAO also examined the differences in special pays and benefits provided to DOD's deployed federal civilians and military personnel. DOD has established force health protection and surveillance policies to assess and reduce or prevent health risks for its deployed federal civilian personnel, but it lacks procedures to ensure implementation. Our review of over 3,400 deployment records at eight component locations found that components lacked documentation that some federal civilian personnel who deployed to Afghanistan and Iraq had received, among other things, required pre- and post-deployment health assessments and immunizations. These deficiencies were most prevalent at Air Force and Navy locations, and one Army location. As a larger issue, DOD lacked complete and centralized data to readily identify its deployed federal civilians and their movement in theater, further hindering its efforts to assess the overall effectiveness of its force health protection and surveillance capabilities. In August 2006, DOD issued a revised policy which outlined procedures that are intended to address these shortcomings. However, these procedures are not comprehensive enough to ensure that DOD will know the extent to which its components are complying with existing health protection requirements. In particular, the procedures do not establish an oversight and quality assurance mechanism for assessing the implementation of its force health protection and surveillance requirements. Until DOD establishes a mechanism to strengthen its force health protection and surveillance oversight, it will not be effectively positioned to ensure compliance with its policies, or the health care and protection of deployed federal civilians. DOD has also established medical treatment policies for its deployed federal civilians which provide those who require treatment for injuries or diseases sustained during overseas hostilities with care that is equivalent in scope to that provided to active duty military personnel under the DOD military health system. GAO reviewed a sample of seven workers' compensation claims (out of a universe of 83) filed under the Federal Employees' Compensation Act by DOD federal civilians who deployed to Iraq. GAO found in three cases where care was initiated in theater, that the affected civilians had received treatment in accordance with DOD's policies. In all seven cases, DOD federal civilians who requested care after returning to the United States had, in accordance with DOD's policies, received medical examinations and/or treatment for their deployment-related injuries or diseases through either military or civilian treatment facilities. DOD provides certain special pays and benefits to its deployed federal civilians, which generally differ in type and/or amount from those provided to deployed military personnel. For example, both civilian and military personnel are eligible to receive disability benefits for deployment-related injuries; however, the type and amount of these benefits vary, and some are unique to each group. Further, while the survivors of deceased federal civilian and military personnel generally receive similar types of cash survivor benefits, the comparative amounts of these benefits differ.",GovReport,0.40212327850235585
"The document outlines the complexities of unregulated child custody transfers, adoption processes, and post-adoption support systems. It clarifies that unregulated transfers occur when parents seek new homes for their children without adhering to legal procedures such as home studies, immigration applications, and court approvals. These transfers often involve power of attorney, which does not terminate the legal relationship between adoptive parents and the child but lacks oversight, making it difficult to track the child’s location. Families involved in unregulated transfers may lack the necessary legal safeguards to ensure the child’s well-being, and stakeholders express concerns about the adequacy of information provided to prospective parents regarding the child’s behavioral and mental health.

Adoption processes in the U.S. are legally recognized but do not inherently require checks to ensure the new home is appropriate for the child. Different types of adoptions—domestic, international, and private—have varying requirements, with foster care adoptions often involving home studies, pre-adoption training, and post-placement services. International adoptions require accreditation and federal oversight, but post-adoption monitoring is limited. Federal funding for adoption services, primarily through Title IV-E and IV-B, supports families who adopt children with special needs, though the availability and scope of these services vary by state.

The document also highlights challenges in accessing post-adoption services, with states using federal Title IV-E funds to support adoption services, though there are inconsistencies in how these funds are allocated. Some states use 30% of savings from program changes to fund post-adoption services, but federal funding for prevention services remains limited. Stakeholders report that many states lack information on how they use these funds, and some adoptive families face difficulties in accessing mental health services or respite care due to resource constraints.

International adoptions have seen an increase in the number of children adopted over time, with a rise in children aged over 1 year and those with special needs. However, these children are more likely to have behavioral or mental health issues, which can lead to challenges in adoption. Families may opt for unregulated transfers due to insufficient preparation, inadequate home studies, or lack of pre-adoption training. Child welfare officials and adoption organizations emphasize the importance of accurate information to help families prepare for the ongoing support they may need, but there is a lack of consistent information about the behavioral and mental health of internationally adopted children.","Parents have the legal responsibility to protect and care for their children. However, recent media reports have illuminated a practice involving unregulated custody transfers of adopted children. Commonly referred to as “rehoming,” this practice involves parents who turn to the internet or other unregulated networks to find a new home for their child. These media reports found instances in which adopted children were placed in dangerous situations where they were harmed by the adults who received them. GAO was asked to review issues related to unregulated transfers of adopted children. GAO examined (1) the reasons adoptive families consider unregulated child custody transfers, and services that exist to support these families before they take such an action; (2) what is known about the prevalence of these transfers; and (3) actions selected states and federal agencies have taken to address such transfers. GAO reviewed relevant federal laws, regulations, and policies and selected state laws and proposed legislation. GAO also interviewed officials from federal agencies, 19 child welfare and adoption organizations, 15 adoption agencies, and 7 states selected primarily because of legislative activity on unregulated transfers. GAO also searched online activity on selected social media sites to find illustrative examples of families who may be considering unregulated transfers. The Departments of Health and Human Services, Homeland Security, and State provided technical comments. The Department of Justice had no comments. Some adoptive families may consider giving their children to another family outside of the courts and child welfare system—an “unregulated child custody transfer”—because of a crisis within the adoptive family and difficulties accessing support services, according to officials GAO interviewed from selected states, child welfare and adoption organizations, and adoption agencies. Children adopted internationally or from foster care may need special care or counseling because of a history of institutionalization and trauma. Some parents, particularly those who adopted internationally, may not be prepared to deal with their adopted child's complex needs. Federal regulations require agencies facilitating international adoptions to provide parents with at least 10 hours of pre-adoption training. In contrast, about half of the states require agencies facilitating foster care adoptions to provide at least 27 hours of training, according to data obtained from Department of Health and Human Services (HHS) officials in May 2015. Many officials said adoptive parents may experience challenges finding mental health services for their families, such as therapists familiar with adoption issues. Many officials also said parents who adopt children with more severe needs may have difficulty finding and paying for intensive services such as residential treatment, which can cost thousands of dollars per month. Officials said these challenges may lead families to seek out unregulated transfers. Little is known about the prevalence of unregulated transfers. Because they happen without any oversight, these transfers are difficult to track and no federal agency keeps statistics on their occurrence. GAO's observations of social media sites found that some parents have been using online forums to seek new homes for their adopted children. During a 15-month period, GAO identified 23 instances in which a parent posted that they were seeking a new family for their child. Because GAO did not investigate these posts and because discussions between online participants can be continued privately, GAO was unable to determine whether these participants intended to pursue a legal placement or an unregulated transfer, or whether such a transfer actually took place. Selected states and federal agencies have taken some steps to address unregulated transfers. GAO identified at least 15 states in which there was legislative and other activity in recent years intended to address these transfers. Seven of the 15 states had enacted legislation and 3 made changes to state child welfare programs as of July 2015. The most common approaches were criminalizing unregulated transfers or actions that may lead to these transfers, and restricting the advertisement of children for placement. In addition, activity in several states involved improving post-adoption services, which many officials said was a key need for families who resort to unregulated transfers. However, federal officials and others said addressing service needs can be difficult and time-consuming, and funding for these services is limited. At the federal level, several agencies established an interagency working group on unregulated transfers in October 2013. Officials from the Department of State said they plan to revise international pre-adoption training requirements that may include an increased number of minimum hours. HHS issued a memorandum in May 2014 encouraging states to promote post-adoption services and to review their policies to address unregulated transfers.",GovReport,0.35220789019241094
"The document provides a detailed overview of the U.S. federal tax system, focusing on corporate and individual income taxation, tax policy considerations, and the implications of tax reforms. It outlines the structure of the tax system, including the federal corporate income tax, which applies to both C corporations and pass-through entities, with double taxation on corporate profits and individual taxation on personal income. The tax base includes business income, interest, dividends, and capital gains, with a statutory rate ranging from 15 to 35 percent. The U.S. taxes worldwide income, including foreign-source earnings, with a foreign tax credit to mitigate double taxation.

The document highlights the role of business taxation in federal revenue, noting that businesses contribute significantly to tax revenues, with corporate income tax payments reaching $278 billion in 2005. Business-source income constitutes a significant portion of individual income tax payments, and the tax system is designed to collect and pass on revenues to the government. However, the complexity and inefficiencies of the tax code, including tax expenditures that reduce taxable income and create inequities, are identified as challenges to the system's effectiveness.

The text discusses the trade-offs between efficiency, equity, and simplicity in tax policy, emphasizing the impact of tax reforms on economic performance and compliance. It notes that while tax policy aims to balance efficiency with other objectives, every tax system incurs efficiency costs. The current system, while effective in collecting revenues, faces challenges in compliance, with estimates of compliance costs between $40 billion and $85 billion annually. These costs are influenced by the complexity of the tax code, the lack of transparency, and the difficulty in estimating compliance.

The document also addresses the implications of tax policies on investment decisions, particularly between equipment and nonresidential buildings, and highlights the tax treatment of debt versus equity financing. Corporate tax policies favor debt over equity, as interest payments are deductible and taxed only once, while dividends and capital gains are not deductible and taxed at the individual level. This creates a bias against equity finance, reducing corporations' ""equity cushion"" during downturns and limiting capital flow to productive uses.

Finally, the text explores the challenges of transfer pricing in multinational corporations, where determining the correct price for transactions between foreign affiliates and U.S. operations is complex. Transfer pricing disputes are likely to increase due to the global economy and the prevalence of multinational firms with U.S. operations. The complexity of tax compliance, including rules for computing taxable income across multiple countries, is also highlighted, with small businesses facing significant challenges","Business income taxes, both corporate and noncorporate, are a significant portion of federal tax revenue. Businesses also play a crucial role in collecting taxes from individuals, through withholding and information reporting. However, the design of the current system of business taxation is widely seen as flawed. It distorts investment decisions, hurting the performance of the economy. Its complexity imposes planning and record keeping costs, facilitates tax shelters, and provides potential cover for those who want to cheat. Not surprisingly, business tax reform is part of the debate about overall tax reform. The debate is occurring at a time when long-range projections show that, without a policy change, the gap between spending and revenues will widen. This testimony reviews the nation's long term fiscal imbalance and what is wrong with the current system of business taxation and provides some principles that ought to guide the debate about business tax reform. This statement is based on previously published GAO work and reviews of relevant literature. The size of business tax revenues makes them very relevant to any plan for addressing the nation's long-term fiscal imbalance. Reexamining both federal spending and revenues, including business tax policy and compliance must be part of a multipronged approach to address the imbalance. Some features of current business taxes channel investments into tax-favored activities and away from more productive activities and, thereby, reduce the economic well-being of all Americans. Complexity in business tax laws imposes costs of its own, facilitates tax shelters, and provides potential cover for those who want to cheat. IRS's latest estimates show a business tax gap of at least $141 billion for 2001. This in turn undermines confidence in the fairness of our tax system--citizens' confidence that their friends, neighbors, and business competitors pay their fair share of taxes. Principles that should guide the business tax reform debate include: (1) The proposed system should raise sufficient revenue over time to fund our current and future expected expenditures. (2) The tax base should be as broad as possible, which helps to minimize overall tax rates. (3) The proposed system should improve compliance rates by reducing tax preferences and complexity and increasing transparency. (4) To the extent other goals, such as equity and simplicity, allow, the tax system should aim for neutrality by not favoring some business activities over others. More neutral tax policy has the potential to enhance economic growth, increase productivity and improve the competitiveness of the U.S. economy in terms of standard of living. (5) The consideration of transition rules must be an integral part of any reform proposal.",GovReport,0.3575892271027734
"The document provides a detailed overview of Medicare payment systems for ambulatory surgical centers (ASCs) and hospital outpatient departments, focusing on how these services are billed and paid under the Medicare program. Medicare payments for ASCs are structured under a **9-payment group** system, where each group is assigned a predetermined rate based on similar costs but not necessarily clinical similarity. ASCs receive payment for each procedure in a group at the same rate, and if multiple procedures are performed simultaneously, they are paid for each. The procedure with the highest payment rate receives 100% of the payment, while each additional procedure receives 50% of the payment. Medicare covers direct costs such as nursing, technician services, drugs, supplies, anesthesia, and diagnostic services, but does not include implantable devices or prosthetics, which are billed separately. Professional services, such as those by physicians or anesthesiologists, are billed directly by the provider to Medicare.

Under the **Prospective Payment System (OPPS)**, established in 2000, hospital outpatient departments receive payment for each of the approximately 5,500 services assigned to an APC group. All services in a group are paid the same rate, and the hospital receives 100% of the payment for the procedure with the highest rate, with 50% for each additional procedure, subject to exceptions. Payment under OPPS is intended to cover the costs of procedures, and ASCs do not include professional services in their Medicare payments, which are billed separately. Under OPPS, ASCs may bill separately for additional services directly related to the procedure, such as certain drugs and diagnostic services, but not for implantable devices. They may also bill for non-directly related services like laboratory tests.

The document outlines historical and procedural changes to the ASC payment system. Since 1990, payment rates have been updated to reflect inflation, but no revisions were made using ASC cost data until 1994. In 1994, Congress mandated a survey of ASC costs by CMS, and CMS conducted a survey in 1994 to collect cost data. However, the proposal to revise ASC payment rates based on 1994 data was not implemented, leading to the continued use of the 1980 payment structure. This highlights the importance of accurate cost data in shaping payment policies and the challenges in aligning payment rates with evolving clinical practices.","Medicare pays for surgical procedures performed at ambulatory surgical centers (ASC) and hospital outpatient departments through different payment systems. Although they perform a similar set of procedures, no comparison of ASC and hospital outpatient per-procedure costs has been conducted. The Medicare Prescription Drug, Improvement, and Modernization Act of 2003 directed GAO to compare the relative costs of procedures furnished in ASCs to the relative costs of those procedures furnished in hospital outpatient departments, in particular, how accurately the payment groups used in the hospital outpatient prospective payment system (OPPS) reflect the relative costs of procedures performed in ASCs. To do this, GAO collected data from ASCs through a survey. GAO also obtained hospital outpatient data from the Centers for Medicare & Medicaid Services (CMS). GAO determined that the payment groups in the OPPS, known as ambulatory payment classification (APC) groups, accurately reflect the relative cost of procedures performed in ASCs. GAO calculated the ratio between each procedure's ASC median cost, as determined by GAO's survey, and the median cost of each procedure's corresponding APC group under the OPPS, referred to as the ASC-to-APC cost ratio. GAO also compared the OPPS median costs of those same procedures with the median costs of their APC groups, referred to as the OPPS-to-APC cost ratio. GAO's analysis of the ASC-to-APC and OPPS-to-APC cost ratios showed that 45 percent of all procedures in the analysis fell within a 0.10 point range of the ASC-to-APC median cost ratio, and 33 percent of procedures fell within a 0.10 point range of the OPPS-to-APC median cost ratio. These similar patterns of distribution around the median show that the APC groups reflect the relative costs of procedures provided by ASCs as well as they reflect the relative costs of procedures provided in hospital outpatient departments and can be used as the basis for the ASC payment system. GAO's analysis also identified differences in the cost of procedures in the two settings. The median cost ratio among all ASC procedures was 0.39 and when weighted by Medicare claims volume was 0.84. The median cost ratio for OPPS procedures was 1.04. Thus, the cost of procedures in ASCs is substantially lower than the corresponding cost in hospital outpatient departments.",GovReport,0.35649464060397706
"The IRS, responsible for administering federal tax laws and providing taxpayer services, has faced significant challenges in maintaining the security and integrity of its operations. In fiscal year 2015, the agency collected over $3.3 trillion in taxes, processed more than 243 million tax returns, and issued over $403 billion in tax refunds, employing approximately 90,000 staff across 550 offices. These operations exposed vulnerabilities, particularly in information security, as two major data breaches occurred in 2015 and 2016, with unauthorized third parties accessing taxpayer information through the Get Transcript application. This led to the exposure of sensitive data, including Social Security numbers, birth dates, and addresses, affecting over 220,000 accounts by February 2016.

The IRS has implemented policies to enhance identification and authentication, such as multifactor authentication, password complexity requirements, and automated password management. However, these controls are not fully effective, with issues like the use of easily guessable passwords on key systems and excessive access permissions for certain applications. Cryptographic controls, including encryption for user authentication data, were not fully implemented, and audit logging for two critical systems was lacking. These deficiencies highlight the need for continuous improvement in access controls and monitoring.

The IRS has also struggled with inconsistent implementation of information security policies, particularly in configuration management and system maintenance. While the agency has developed policies for IT systems, it has not ensured timely application of security patches to critical databases, including one from 2012. Despite these efforts, control weaknesses are attributed to inconsistent implementation of the agency’s information security program. The IRS has established a comprehensive framework for information security, but ongoing challenges remain in addressing new and existing vulnerabilities.

The IRS has identified several ongoing and unresolved security deficiencies, including inadequate auditing and monitoring of access, failure to address prior recommendations, and insufficient implementation of corrective actions. These deficiencies, combined with new issues identified in fiscal year 2015, constitute a significant deficiency in the IRS’s internal control over financial reporting systems. The agency has received new recommendations to enhance its information security program and 43 technical recommendations to address new access control and configuration management weaknesses. Implementing these recommendations, along with 49 outstanding prior recommendations, is essential to improving user authentication, access limitation, data protection, auditing, and physical security of IT resources.

The IRS has also faced challenges in combating evolving threats, including the need for ongoing investment in cybersecurity infrastructure and training to address","In collecting taxes, processing returns, and providing taxpayer service, IRS relies extensively on computerized systems. Thus it is critical that sensitive taxpayer and other data are protected. Recent data breaches at IRS highlight the vulnerability of taxpayer information. In addition, identity theft refund fraud is an evolving threat to honest taxpayers and tax administration. This crime occurs when a thief files a fraudulent return using a legitimate taxpayer's identity and claims a refund. In 2015, GAO added identity theft refund fraud to its high-risk area on the enforcement of tax laws and expanded its government-wide high-risk area on federal information security to include the protection of personally identifiable information. This statement discusses (1) IRS information security controls over financial and tax processing systems, (2) IRS actions to address identity theft refund fraud, and (3) the status of selected IRS filing season operations. This statement is based on previously published GAO work as well as an update of selected data. In March 2016, GAO reported that the Internal Revenue Service (IRS) had instituted numerous controls over key financial and tax processing systems; however, it had not always effectively implemented other controls intended to properly restrict access to systems and information, among other security measures. In particular, while IRS had improved some of its access controls, weaknesses remained in key controls for identifying and authenticating users, authorizing users' level of rights and privileges, encrypting sensitive data, auditing and monitoring network activity, and physically securing facilities housing its information technology resources. These weaknesses were due in part to IRS's inconsistent implementation of its agency-wide security program, including not fully implementing prior GAO recommendations. GAO concluded that these weaknesses collectively constituted a significant deficiency for the purposes of financial reporting for fiscal year 2015. As a result, taxpayer and financial data continue to be exposed to unnecessary risk. Identity theft refund fraud also poses a significant challenge. IRS estimates it paid $3.1 billion in these fraudulent refunds in filing season 2014, while preventing $22.5 billion (see figure). The full extent is unknown because of the challenges inherent in detecting this form of fraud. IRS has taken steps to combat identity theft refund fraud such as improving phone service for taxpayers to report suspected identity theft and working with industry, states, and financial institutions to detect and prevent it. However, as GAO reported in August 2014 and January 2015, additional actions can further assist the agency in addressing this crime, including pre-refund matching of taxpayer returns with information returns from employers, and assessing the costs, benefits, and risks of improving methods for authenticating taxpayers. In addition, the Consolidated Appropriations Act 2016 includes a provision that would help IRS with pre-refund matching and also includes an additional $290 million to enhance cybersecurity, combat identity theft refund fraud, and improve customer service. According to IRS and industry partners, the 2016 filing season has generally gone smoothly, with about 95 million returns and $215 billion in refunds processed through April 1, 2016. In addition, IRS increased its level of phone service to taxpayers, although it has not developed a comprehensive strategy for customer service as GAO recommended in December 2015. In addition to 49 prior recommendations that had not been implemented, GAO made 45 new recommendations to IRS to further improve its information security controls and the implementation of its agency-wide information security program. GAO has also made recommendations to help IRS combat identity theft refund fraud, such as assessing costs, benefits, and risks of taxpayer authentication options.",GovReport,0.3763438146353788
"The U.S. Immigration and Naturalization Service (INS) has encountered persistent challenges in managing its operations, including issues related to organizational structure, program implementation, information systems, and staff training. Historically, the INS was decentralized, leading to geographical separation of programs, poor resource allocation, and inconsistent implementation. This structure resulted in a single senior manager overseeing a large number of field directors and Border Patrol chiefs, contributing to inefficiencies. Reforms in 1994 aimed to address the operations office's large span of control and its focus on matters that should have been handled by field managers, but the organizational structure remains unstable, with ongoing challenges in clarifying responsibilities between the Office of Field Operations and the Office of Programs.

Program implementation faces challenges, particularly in visa processing for specialty occupations. The focus on quantity over quality in adjudicator performance evaluations—measured by the number of applications reviewed—led to ineffective enforcement, with adjudicators pressured to process cases quickly, reducing the use of investigative resources to detect fraud. Despite this, fraud was identified, including the creation of shell corporations and false documents for ineligible aliens. The May 2001 report noted that INS grants work authorization to applicants for adjustment of status before adjudication, but in fiscal year 2000, about 80,000 applications were denied, leading to revocations.

The INS also struggles with managing work authorization, naturalization, and immigration benefit fraud. Naturalization processing was found to have quality and integrity issues, with ineligible applicants receiving citizenship. The Department of Justice OIG report found that INS prioritized timely naturalization application completion over accuracy, leading to fraud. To address this, quality control procedures were implemented. However, similar issues were noted in the review of INS' efforts to combat immigration benefit fraud, with findings that INS struggled to balance enforcement and service delivery. The Visa Waiver Program, which allows entry with a passport, is criticized for being vulnerable to abuse, with stolen passports used for illegal entry. An OIG report found 27 stolen Icelandic passports used in such cases, underscoring the threat to national security and illegal immigration.

Information technology challenges hinder efficiency in processing applications. The INS maintains automated and manual systems for program and management data, but these systems are not well-integrated or compatible, leading to inefficiencies and significant financial investments not being effectively utilized. The lack of a cohesive information technology strategy continues to impede the INS's ability to streamline operations and improve service delivery.","The Immigration and Naturalization's (INS) organizational structure has led to recurring management problems, including an inability to balance competing priorities, poor communications, and weaknesses in the development and fielding of critical information technology. Although restructuring may help, INS will still need to assemble the basic building blocks essential to any organization. These building blocks include clearly delineated roles and responsibilities, policies and procedures that effectively balance competing priorities, effective internal and external communication and coordination, and computer systems that provide accurate and timely information. Until these element are in place, it will be difficult to enforce the nation's immigration laws effectively.",GovReport,0.2783382585246245
"The document provides a detailed overview of the environmental and health impacts of trichloroethylene (TCE) and perchlorate, focusing on their classification, exposure pathways, and regulatory responses. TCE, classified as a DOD-emerging contaminant, is a colorless liquid with a chloroform-like odor, used in industrial and consumer products. It has a maximum contaminant level (MCL) of 5 ppb in drinking water under the Safe Drinking Water Act, but its use in cosmetics, dry-cleaning, and adhesives has been discontinued. TCE is widely present in the environment, primarily through industrial wastewater, and is a significant source of exposure via inhalation. The Department of Defense (DOD) has used TCE in industrial processes, including cleaning sensitive equipment, and has faced scrutiny over its long-term health effects, particularly in contaminated areas like Camp Lejeune.

Perchlorate, another DOD-classified contaminant, is a primary ingredient in propellants and has been used by the DOD, NASA, and the defense industry. It is readily dissolved and transported in water, found in groundwater, surface water, and soil. While the EPA set a maximum contaminant limit (MCL) for TCE in 1989, it has not established a standard for perchlorate under the Safe Drinking Water Act. Scientific concerns about perchlorate’s potential carcinogenic effects, including its classification by the National Toxicology Program and the International Agency for Research on Cancer, have led to increased scrutiny. The FDA has tested food items for perchlorate and has proposed a 2007 assessment of its exposure from foods, while the CDC has highlighted iodine deficiencies linked to thyroid hormone disruption.

Both TCE and perchlorate are associated with significant health risks, particularly for infants, fetuses, and adults. TCE exposure has been linked to nervous system effects, liver and lung damage, and potential cancer risks, with the Agency for Toxic Substances and Disease Registry (ATSDR) noting a 1991 public health assessment of its exposure at Camp Lejeune. Perchlorate has been linked to thyroid dysfunction and potential cancer risks, with the EPA setting a reference dose of 0.0007 mg/kg/day, translating to a drinking water equivalent level (DWEL) of 24.5 ppb. Despite regulatory efforts, concerns about long-term health effects have led to ongoing studies and legal claims, particularly in areas with historical contamination.

","DOD defines emerging contaminants as chemicals or materials with (1) perceived or real threat to health or the environment and (2) lack of published standards or a standard that is evolving or being reevaluated. Two emerging contaminants--trichloroethylene (TCE) and perchlorate--are of particular concern to DOD because they have significant potential to impact people or DOD's mission. TCE, a degreasing agent in metal cleaning which has been used widely in DOD industrial and maintenance processes, has been documented at low exposure levels to cause headaches and difficulty concentrating. High-level exposure may cause dizziness, headaches, nausea, unconsciousness, cancer, and possibly death. Similarly, perchlorate has been used by DOD, NASA, and others in making, testing, and firing missiles and rockets. It has been widely found in groundwater, surface water, and soil across the United States, Perchlorate health studies have documented particular risks to fetuses of pregnant women. GAO was asked for testimony to summarize its past work on perchlorate-, TCE-, and defense-activities related to (1) the state of knowledge about the emerging contaminants TCE and perchlorate, (2) DOD responsibilities for managing TCE and perchlorate contamination at its facilities, and (3) DOD activities to address TCE and perchlorate contamination. While TCE and perchlorate are both classified by DOD as emerging contaminants, there are important distinctions in how they are regulated and in what is known about their health and environmental effects. Since 1989, EPA has regulated TCE in drinking water. However, health concerns over TCE have been further amplified in recent years after scientific studies have suggested additional risks posed by human exposure to TCE. Unlike TCE, no drinking water standard exists for perchlorate--a fact that has caused much discussion in Congress and elsewhere. Recent Food and Drug Administration data documenting the extent of perchlorate contamination in the nation's food supply has further fueled this debate. While DOD has clear responsibilities to address TCE because it is subject to EPA's regulatory standard, DOD's responsibilities are less definite for perchlorate due to the lack of such a standard. Nonetheless, perchlorate's designation by DOD as an emerging contaminant has led to some significant control actions. These actions have included responding to requests by EPA and state environmental authorities, which have used a patchwork of statutes, regulations, and general oversight authorities to address perchlorate contamination. Pursuant to its Clean Water Act authorities, for example, Texas required the Navy to reduce perchlorate levels in wastewater discharges at the McGregor Naval Weapons Industrial Reserve Plant to 4 parts per billion (ppb), the lowest level at which perchlorate could be detected at the time. In addition, in the absence of a federal perchlorate standard, at least nine states have established nonregulatory action levels or advisories for perchlorate ranging from 1 ppb to 51 ppb. Nevada, for example, required the Kerr-McGee Chemical site in Henderson to treat groundwater and reduce perchlorate releases to 18 ppb, which is Nevada's action level for perchlorate. While nonenforceable guidance had existed previously, it was not until EPA adopted its 1989 TCE standard that many DOD facilities began to take concrete action to control the contaminant. According to EPA, for example, 46 sites at Camp Lejeune have since been identified for TCE cleanup. The Navy and EPA have selected remedies for 30 of those sites, and the remaining 16 are under active investigation. Regarding perchlorate, in the absence of a federal standard DOD has implemented its own policies on sampling and cleanup, most recently with its 2006 Policy on DOD Required Actions Related to Perchlorate. The policy applies broadly to DOD's active and closed installations and formerly used defense sites within the United States and its territories. It requires testing for perchlorate and certain cleanup actions and directs the department to comply with applicable federal or state promulgated standards, whichever is more stringent. The policy notes, that DOD has established 24 ppb as the current level of concern for managing perchlorate until the promulgation of a formal standard by the states and/or EPA.",GovReport,0.32585075730141533
"The U.S. Census Bureau is modernizing its 2020 Census operations to reduce costs and improve efficiency through innovative methods and technologies. The increasing complexity of the population and the growing diversity of the census population have led to higher costs over the past four decades. The 2010 Census, costing $13 billion, was 56% more expensive than the 2000 Census, which cost $8.1 billion. To address these challenges, the Bureau is exploring new approaches, including reengineering address canvassing, optimizing self-response through Internet options, and leveraging administrative records to minimize follow-up work. These efforts are part of a broader initiative to redesign the census, with a focus on reducing staffing, infrastructure, and field operations.

The Bureau conducted multiple field tests to evaluate potential redesigns, including self-response and non-response follow-up methods, field operations management systems, and mobile device use for data collection. These tests informed the 2020 Census Operational Plan, which includes 326 design decision points. The Bureau has committed to implementing four key redesign areas: 100% address canvassing in the office, targeting 25% of addresses for in-the-field canvassing, offering self-response options via the Internet, allowing mobile device use for enumerators, using administrative records to enumerate vacant units, and leveraging enterprise solutions for the 2020 Census. These decisions are expected to save $5.2 billion, with the 2010 Census redesign estimated to cost $13 billion, and the successful implementation of the four redesign areas projected to cost $12.5 billion.

The Bureau is modernizing its survey data collection and processing functions through an enterprise-wide IT initiative called Census Enterprise Data Collection and Processing (CEDCAP). CEDCAP aims to replace multiple, redundant survey-specific systems with a unified system-of-systems approach. Key components include a dynamic operational control system for field work, real-time data tracking, and automated route planning. CEDCAP also explores the use of mobile devices for data collection and develops a web-based survey application to support increased data processing and storage. The initiative consists of 12 projects to be implemented over 10 releases, with capabilities rolled out incrementally for the 2020 Census. The program is projected to cost as of August 2015.

The Bureau remains focused on achieving its goals, with ongoing efforts to refine and implement the redesigned census operations. The transformation reflects a commitment to improving efficiency, reducing","The cost of the nation's decennial census has steadily increased over the past 40 years; the 2010 Census was the most expensive to date, at about $13 billion. To achieve cost savings while still conducting an accurate count of the population, the U.S. Census Bureau is planning significant changes for the design of the 2020 Decennial Census, including major efforts to implement new technologies and IT systems supporting its surveys. For example, the Bureau is planning to offer an option for households to respond via the Internet, which requires developing new applications and IT infrastructure. This statement summarizes the critical challenges the Bureau faces in successfully delivering IT systems in time for testing redesigned 2020 Census operations. To develop this statement, GAO relied on previously published work, as well as information on steps the Bureau has taken to implement prior GAO recommendations. GAO has previously reported that the U.S. Census Bureau (Bureau) faces a number of critical challenges in developing and deploying the information technology (IT) systems and infrastructure it plans to rely on to conduct the significantly redesigned 2020 Census. Specifically, the Bureau has a major IT program under way to modernize and consolidate the multiple, duplicative systems it currently uses to carry out survey data collection and processing functions; however, with less than 2 years before preparations begin for end-to-end testing of all systems and operations to ensure readiness for the 2020 Census, there is limited time to implement it. While the Bureau documented many key decisions about the redesigned 2020 Census in the 2020 Census Operational Plan, released in October 2015, several key IT-related decisions have not been made. Specifically, the Bureau has not yet made decisions about the projected demand that the IT infrastructure would need to meet or whether it will build or buy the needed systems. This lack of prioritization of IT decisions has been a continuing trend, which GAO has previously identified. For example: In April 2014, GAO reported that the Bureau had not prioritized key IT research and testing needed for its design decisions. Accordingly, GAO recommended that the Bureau prioritize its IT-related research and testing projects. The Bureau had taken steps to address this recommendation, such as releasing a plan in September 2014 that identified research questions intended to inform the operational design decisions. In February 2015, however, GAO reported that the Bureau had not determined how key IT research questions that were identified in the September 2014 plan would be answered—such as the expected rate of respondents using its Internet response option or the IT infrastructure that would be needed to support this option. GAO recommended that the Bureau, among other things, develop methodologies and plans for answering key IT-related research questions in time to inform design decisions. However, this has not yet happened. In addition, while the Bureau has made improvements in some key IT management areas, it still faces challenges in the areas of workforce planning and information security. Specifically: It has taken steps to develop an enterprise-wide IT workforce planning process, as GAO recommended in 2012. However, the Bureau has yet to fill key positions. Most concerning, it is currently without a permanent chief information officer. The Bureau has taken steps to implement the majority of the 115 recommendations GAO made in 2013 to address information security weaknesses; however, completing this effort is necessary to ensure that sensitive information it will collect during the census is adequately protected. With the deferral of key IT-related decisions, the Bureau is running out of time to develop, acquire, and implement the systems it will need to deliver the redesign and achieve its projected $5.2 billion in cost savings. In its prior work, GAO made recommendations to the Census Bureau to prioritize IT testing and research and determine how key decisions for the 2020 Census were to be answered. GAO also made recommendations to improve IT management, workforce planning, and information security. The Bureau has taken steps to address selected recommendations, but more actions are still needed to fully address these recommendations.",GovReport,0.3564248001251985
"The document outlines the management of conventional ammunition within the U.S. Department of Defense (DOD), focusing on demilitarization processes, inventory tracking, and cross-leveling strategies. The Army, as the Single Manager for Conventional Ammunition (SMCA), oversees the demilitarization of all conventional ammunition, including non-SMCA-managed items. Services assess inventory to identify unserviceable or excess ammunition, which is then transferred to the SMCA's demilitarization account through an annual cross-leveling process. The demilitarization process involves incorporating ammunition into the CAD stockpile, with specific depots and methods detailed in Appendix III. The Secretary of the Army serves as the DOD's SMCA, ensuring the life cycle management of conventional ammunition from research to disposal.

The Program Executive Office for Ammunition (PEO Ammunition) manages demilitarization at seven Army depots and commercial firms, budgeting and funding the disposal of all munitions in the CAD stockpile. Joint Munitions Command (JMC) handles demilitarization of remaining conventional ammunition, while Army Aviation and Missile Command (AAMC) manages missiles and components. JMC provides logistics and sustainment support, oversees CAD stockpile storage, and arranges transportation. Military departments use inventory stratification reports to identify excess and deficiencies, with DOD Manual 4140.01 requiring stratification and reporting.

Annual inventory reports categorize ammunition into four types: requirement-related, economic retention, contingency retention, and potential reutilization/disposal. These reports help identify opportunities for redistribution, with the Office of the Executive Director for Conventional Ammunition comparing inventory data with procurement plans. Cross-leveling processes are used to offset individual procurements, with DOD avoiding $72 million in annual costs in 2014. Approximately 5 million items were transferred between services, with 3 million being small-caliber ammunition.

The Office of the Executive Director for Conventional Ammunition’s 2014 cross-leveling report indicated $104.2 million in cost avoidance. However, the Army’s annual stratification report did not include missile data managed by AAMC, leading to incomplete cross-leveling. Recommendations were made to include Army missiles in stratification reports, and by 2014, the Army provided missile information, enabling the transfer of 100 Javelin missiles from the Army to the Marine Corps, saving $3 million. Further recommendations included including unclaimed ammunition data.","DOD manages conventional ammunition that ranges from small arms cartridges to rockets, mortars, artillery shells, and tactical missiles. When a military service determines such ammunition is beyond its needs, obsolete, or unserviceable, it is offered to the other services and if not taken, transferred to the Army, which manages the CAD stockpile and takes actions to demilitarize and dispose of the ammunition in the stockpile. According to data provided by DOD officials, as of February 2015, the stockpile was about 529,373 tons. DOD estimates that from fiscal year 2016 to fiscal year 2020 it will add an additional 582,789 tons of conventional ammunition to this CAD stockpile. Section 352 of the National Defense Authorization Act for Fiscal Year 2015 included a provision that GAO review and report on the management of DOD's CAD stockpile. This report assesses, among other things, the extent to which DOD has adequately maintained and shared information on excess, obsolete, and unserviceable ammunition for the military services. GAO reviewed applicable guidance and the military service ammunition databases; visited an Army depot that conducts ammunition demilitarization; and interviewed appropriate DOD officials. The Department of Defense (DOD) maintains information on its excess, obsolete, and unserviceable conventional ammunition for the military services and shares this information on a limited basis with other government agencies, but its management of its conventional ammunition awaiting demilitarization and disposal (CAD) stockpile can be strengthened in two areas. The Army uses its Logistics Modernization Program database to maintain consolidated information on ammunition in the CAD stockpile, but GAO found that records for some items do not include complete data on weight. Specifically, of 36,355 records in the database, 2,829 did not have assigned weights as of February 2015. Internal control standards state that an entity should have controls to ensure that all transactions are complete and accurately recorded. DOD officials stated they are trying to correct current records with missing data; however, the number of records without weight data has increased. For example, as of February 2015, the number of records with missing data had increased by more than 600 since 2012. Since DOD uses weight in determining, among other things, cost estimates for demilitarization projects and what ammunition to demilitarize, missing weight data can negatively impact its efforts to destroy the most ammunition possible with the resources available. The military services have access to information on the CAD stockpile maintained in the Army's database and can search it for useable ammunition that could fill their requirements, but other government agencies do not and DOD does not have a systematic means for sharing such information. Federal internal control standards state that management should ensure there are adequate means of communicating with, and obtaining information from, external stakeholders. DOD officials told GAO that there have been instances of transfers of ammunition to other government agencies, but these have been done informally and on a limited basis. Without a systematic means for regularly sharing information on useable ammunition beyond DOD's needs, both DOD and other agencies may be missing opportunities to reduce costs related to demilitarization and ammunition procurement. GAO recommends DOD develop a plan to identify and record missing weight data and develop a systematic means to share information on the stockpile with other government agencies. DOD agreed with GAO's recommendations.",GovReport,0.3043709223402107
"The Department of Energy (DOE) oversees a network of nuclear facilities established during World War II and the Cold War, primarily for research, production, and testing. These facilities house significant radioactive waste, including plutonium-contaminated sludge and hazardous chemicals, which have necessitated extensive cleanup efforts since the 1980s. The cleanup program, costing approximately $220 billion over 70 years, is governed by environmental laws such as CERCLA section 120 and RCRA amendments under the Federal Facility Compliance Act of 1992. DOE has completed cleanup at 74 of 114 sites, though the remaining sites present substantial challenges. Cleanup requires interagency cooperation between DOE, the EPA, and affected states, with site-specific treatment plans submitted for state approval.

The DOE’s cleanup program involves compliance agreements, issued by the EPA or state agencies, that require DOE to follow approved treatment plans. These agreements are categorized into three types: those mandated by CERCLA or RCRA, which apply to all major DOE sites and cover extensive cleanup activities; court-ordered settlements, which apply to a few sites and focus on specific issues; and agreements based on federal or state environmental laws, which address various cleanup tasks. The six largest DOE sites—Hanford, Savannah River, Idaho Falls, Rocky Flats, Oak Ridge, and Fernald—account for about two-thirds of DOE’s cleanup funding and have the majority of the milestones outlined in compliance agreements. These sites are critical to DOE’s cleanup program, which involves collaboration with federal and state agencies, citizen groups, and other stakeholders.

The cleanup program has made progress, with approximately 4,558 out of 7,186 milestones completed as of December 2001. Of the 4,262 milestones at the six largest sites, 2,901 were completed, with an average completion rate of 79% of the original deadlines. However, the completion rate varied significantly, from 95% at Rocky Flats to 47% at Savannah River. Over 1,334 milestones remain uncompleted, with more added in the future. While DOE has completed many milestones on time, this metric is not reliable as it often focuses on administrative tasks rather than actual cleanup work. At the six largest sites, 73% of completed milestones were tied to **specific cleanup activities**, such as soil and groundwater remediation, waste disposal, and facility decontamination","Compliance agreements between the Department of Energy (DOE) and its regulators specify cleanup activities and milestones that DOE has agreed to achieve. The 70 compliance agreements at DOE sites vary, but can be divided into three main types. These are: (1) agreements specifically required by the Comprehensive Environmental Response, Compensation, and Liability Act of 1980 to address cleanup of federal sites on EPA's national priorities list or by the Resource Conservation and Recovery Act of 1976 to address the management of mixed radioactive and hazardous waste at DOE facilities; (2) court-ordered agreements resulting from lawsuits initiated primarily by states; and (3) other agreements, including state administrative orders enforcing state hazardous waste management laws. DOE reported completing about 80 percent of its milestones by the time originally scheduled in the agreements. The cost of complying with these agreements is not specifically identified in the DOE budget submitted to Congress. Individual DOE sites develop annual compliance cost estimates as part of their budget requests. However, DOE headquarters officials adjust those individual site estimates to reflect national priorities and to reconcile various competing demands. Compliance agreements are site-specific and are not intended to provide a mechanism for DOE to use in prioritizing risks among the various sites. Compliance agreements have not been a barrier to previous DOE management initiatives, but it is not clear if the compliance agreements will be used to oppose DOE's latest initiative to focus on accelerating risk reduction at sites.",GovReport,0.32175283924264647
